Portfolio,simulatedValue,currentValue,pnl
Call ,"[0.00000000e+00 8.28929569e+12 0.00000000e+00 ... 9.65672225e+12
 0.00000000e+00 0.00000000e+00]",7.21,"[-7.21000000e+00  8.28929569e+12 -7.21000000e+00 ...  9.65672225e+12
 -7.21000000e+00 -7.21000000e+00]"
CallSpread,[0.         9.94824219 0.         ... 9.94921875 0.         0.        ],4.54,"[-4.54        5.40820312 -4.54       ...  5.40820312 -4.54
 -4.54      ]"
CoveredCall,"[5.16137807e-04 1.74095703e+02 1.01728743e-15 ... 1.74095703e+02
 2.13950421e-12 1.74083864e-05]",165.52,"[-165.51948386    8.57519531 -165.52       ...    8.57617188 -165.52
 -165.51998259]"
ProtectedPut,"[1.64147825e+02 8.28929569e+12 1.64147825e+02 ... 9.65672225e+12
 1.64147825e+02 1.64147825e+02]",174.47,"[-1.03221753e+01  8.28929569e+12 -1.03221753e+01 ...  9.65672225e+12
 -1.03221753e+01 -1.03221753e+01]"
Put ,"[169.12148503   0.         169.12200116 ...   0.         169.12200116
 169.12198376]",6.16,"[162.96148503  -6.16       162.96200116 ...  -6.16       162.96200116
 162.96198376]"
PutSpread,[9.94835301 0.         9.94835301 ... 0.         9.94835301 9.94835301],3.17,"[ 6.77835301 -3.17        6.77835301 ... -3.17        6.77835301
  6.77835301]"
Stock,"[5.16137807e-04 8.28929569e+12 1.01728743e-15 ... 9.65672225e+12
 2.13950421e-12 1.74083864e-05]",170.15,"[-1.70149484e+02  8.28929569e+12 -1.70150000e+02 ...  9.65672225e+12
 -1.70150000e+02 -1.70149983e+02]"
Straddle,"[1.69121485e+02 8.28929569e+12 1.69122001e+02 ... 9.65672225e+12
 1.69122001e+02 1.69121984e+02]",13.370000000000001,"[1.55751485e+02 8.28929569e+12 1.55752001e+02 ... 9.65672225e+12
 1.55752001e+02 1.55751984e+02]"
SynLong,"[-1.69121485e+02  8.28929569e+12 -1.69122001e+02 ...  9.65672225e+12
 -1.69122001e+02 -1.69121984e+02]",1.0499999999999998,"[-1.70171485e+02  8.28929569e+12 -1.70172001e+02 ...  9.65672225e+12
 -1.70172001e+02 -1.70171984e+02]"
